message,category
Authentication failed repeatedly. Please assist.,Authentication
Authentication failed repeatedly. Any solution available?,Authentication
Can't log in to the system. Can't continue my work.,Authentication
Forgot my password.,Authentication
Login button unresponsive. Blocking my tasks.,Authentication
Access request pending. This needs urgent attention.,Authentication
Authentication failed repeatedly. Can't continue my work.,Authentication
Session expired. Happening since this morning.,Authentication
Two-factor code not working. Any solution available?,Authentication
Login button unresponsive. Very frustrating issue.,Authentication
Password reset link expired. Can't continue my work.,Authentication
Invalid credentials error. Any solution available?,Authentication
Password reset link expired. Any solution available?,Authentication
Forgot my password. Please assist.,Authentication
Two-factor code not working.,Authentication
Session expired.,Authentication
Authentication failed repeatedly. Happening since this morning.,Authentication
Password reset link expired. Happening since this morning.,Authentication
"Session expired. Reported before, still not fixed.",Authentication
Access request pending. Can't continue my work.,Authentication
Forgot my password. Blocking my tasks.,Authentication
"Forgot my password. Reported before, still not fixed.",Authentication
Can't log in to the system. Already tried rebooting.,Authentication
Account locked after attempts. Please assist.,Authentication
"Invalid credentials error. Reported before, still not fixed.",Authentication
Can't log in to the system. Please assist.,Authentication
Can't log in to the system. Blocking my tasks.,Authentication
Forgot my password. Can't continue my work.,Authentication
Session expired. Very frustrating issue.,Authentication
Can't log in to the system.,Authentication
Password reset link expired. Already tried rebooting.,Authentication
Forgot my password. Any solution available?,Authentication
Invalid credentials error. Very frustrating issue.,Authentication
Can't log in to the system. Any solution available?,Authentication
"Account locked after attempts. Reported before, still not fixed.",Authentication
Session expired. Blocking my tasks.,Authentication
Account locked after attempts.,Authentication
Forgot my password. Very frustrating issue.,Authentication
Session expired. Any solution available?,Authentication
Two-factor code not working. Blocking my tasks.,Authentication
"Can't log in to the system. Reported before, still not fixed.",Authentication
"Password reset link expired. Reported before, still not fixed.",Authentication
Authentication failed repeatedly. Very frustrating issue.,Authentication
Two-factor code not working. Very frustrating issue.,Authentication
Invalid credentials error. Happening since this morning.,Authentication
Two-factor code not working. Can't continue my work.,Authentication
Login button unresponsive.,Authentication
Session expired. Can't continue my work.,Authentication
Invalid credentials error. Blocking my tasks.,Authentication
"Access request pending. Reported before, still not fixed.",Authentication
Access request pending. Please assist.,Authentication
Account locked after attempts. Very frustrating issue.,Authentication
Two-factor code not working. This needs urgent attention.,Authentication
"Two-factor code not working. Reported before, still not fixed.",Authentication
Session expired. Please assist.,Authentication
Account locked after attempts. Happening since this morning.,Authentication
Account locked after attempts. Already tried rebooting.,Authentication
Authentication failed repeatedly. This needs urgent attention.,Authentication
"Login button unresponsive. Reported before, still not fixed.",Authentication
Forgot my password. This needs urgent attention.,Authentication
Account locked after attempts. Can't continue my work.,Authentication
Can't log in to the system. Happening since this morning.,Authentication
Password reset link expired. Blocking my tasks.,Authentication
Password reset link expired. Please assist.,Authentication
Session expired. Already tried rebooting.,Authentication
Can't log in to the system. Very frustrating issue.,Authentication
Invalid credentials error. Can't continue my work.,Authentication
Login button unresponsive. Happening since this morning.,Authentication
Two-factor code not working. Please assist.,Authentication
Access request pending. Very frustrating issue.,Authentication
Login button unresponsive. Please assist.,Authentication
Session expired. This needs urgent attention.,Authentication
Authentication failed repeatedly.,Authentication
Login button unresponsive. This needs urgent attention.,Authentication
Forgot my password. Happening since this morning.,Authentication
Account locked after attempts. This needs urgent attention.,Authentication
Invalid credentials error.,Authentication
Login button unresponsive. Any solution available?,Authentication
Authentication failed repeatedly. Already tried rebooting.,Authentication
Invalid credentials error. Already tried rebooting.,Authentication
Account locked after attempts. Blocking my tasks.,Authentication
Invalid credentials error. Please assist.,Authentication
Two-factor code not working. Happening since this morning.,Authentication
Can't log in to the system. This needs urgent attention.,Authentication
Password reset link expired. Very frustrating issue.,Authentication
Access request pending. Blocking my tasks.,Authentication
Access request pending. Any solution available?,Authentication
Access request pending. Happening since this morning.,Authentication
Access request pending.,Authentication
Login button unresponsive. Already tried rebooting.,Authentication
"Authentication failed repeatedly. Reported before, still not fixed.",Authentication
Two-factor code not working. Already tried rebooting.,Authentication
Access request pending. Already tried rebooting.,Authentication
Authentication failed repeatedly. Blocking my tasks.,Authentication
Login button unresponsive. Can't continue my work.,Authentication
Account locked after attempts. Any solution available?,Authentication
Password reset link expired.,Authentication
Forgot my password. Already tried rebooting.,Authentication
Invalid credentials error. This needs urgent attention.,Authentication
Password reset link expired. This needs urgent attention.,Authentication
Messages stuck in outbox.,Email
Receiving duplicates. Happening since this morning.,Email
Not receiving emails. Already tried rebooting.,Email
Messages stuck in outbox. This needs urgent attention.,Email
Mail server timeout. Very frustrating issue.,Email
Spam filter too strict. Any solution available?,Email
"Can't access webmail. Reported before, still not fixed.",Email
Not receiving emails. Please assist.,Email
Mail server timeout. Happening since this morning.,Email
Mail server timeout. This needs urgent attention.,Email
Can't access webmail. Happening since this morning.,Email
Can't delete old emails.,Email
Spam filter too strict. Happening since this morning.,Email
"Not receiving emails. Reported before, still not fixed.",Email
Not receiving emails. Blocking my tasks.,Email
"Messages stuck in outbox. Reported before, still not fixed.",Email
Can't delete old emails. Happening since this morning.,Email
Messages stuck in outbox. Please assist.,Email
Emails aren't sending. Very frustrating issue.,Email
Can't access webmail. Blocking my tasks.,Email
Spam filter too strict. This needs urgent attention.,Email
Can't delete old emails. Any solution available?,Email
Receiving duplicates. Please assist.,Email
Not receiving emails. This needs urgent attention.,Email
Not receiving emails. Happening since this morning.,Email
Emails aren't sending. Any solution available?,Email
Receiving duplicates. Very frustrating issue.,Email
Mail server timeout. Can't continue my work.,Email
Can't access webmail. This needs urgent attention.,Email
Not receiving emails. Any solution available?,Email
Mailbox is full. Any solution available?,Email
Mailbox is full.,Email
Mailbox is full. Already tried rebooting.,Email
Can't access webmail. Very frustrating issue.,Email
Can't delete old emails. Please assist.,Email
Mail server timeout. Any solution available?,Email
Spam filter too strict. Very frustrating issue.,Email
Emails aren't sending. Can't continue my work.,Email
Not receiving emails. Very frustrating issue.,Email
Email signature missing. This needs urgent attention.,Email
Receiving duplicates. This needs urgent attention.,Email
Mail server timeout. Blocking my tasks.,Email
Can't access webmail. Please assist.,Email
Receiving duplicates. Already tried rebooting.,Email
Can't delete old emails. Can't continue my work.,Email
Spam filter too strict. Please assist.,Email
Email signature missing. Any solution available?,Email
"Receiving duplicates. Reported before, still not fixed.",Email
Emails aren't sending. Blocking my tasks.,Email
Email signature missing. Please assist.,Email
Spam filter too strict.,Email
Can't access webmail. Any solution available?,Email
"Mail server timeout. Reported before, still not fixed.",Email
Mailbox is full. This needs urgent attention.,Email
Mailbox is full. Happening since this morning.,Email
"Can't delete old emails. Reported before, still not fixed.",Email
Mailbox is full. Blocking my tasks.,Email
Can't delete old emails. Already tried rebooting.,Email
Emails aren't sending. This needs urgent attention.,Email
Messages stuck in outbox. Any solution available?,Email
Mail server timeout. Please assist.,Email
Messages stuck in outbox. Blocking my tasks.,Email
Can't delete old emails. This needs urgent attention.,Email
Email signature missing.,Email
Receiving duplicates.,Email
Not receiving emails. Can't continue my work.,Email
Email signature missing. Can't continue my work.,Email
"Mailbox is full. Reported before, still not fixed.",Email
"Spam filter too strict. Reported before, still not fixed.",Email
Email signature missing. Already tried rebooting.,Email
Email signature missing. Happening since this morning.,Email
Mailbox is full. Can't continue my work.,Email
Emails aren't sending. Happening since this morning.,Email
Messages stuck in outbox. Can't continue my work.,Email
Spam filter too strict. Can't continue my work.,Email
Messages stuck in outbox. Happening since this morning.,Email
"Emails aren't sending. Reported before, still not fixed.",Email
Mailbox is full. Please assist.,Email
Can't access webmail. Can't continue my work.,Email
Emails aren't sending. Please assist.,Email
Can't delete old emails. Very frustrating issue.,Email
Receiving duplicates. Any solution available?,Email
Emails aren't sending. Already tried rebooting.,Email
Spam filter too strict. Already tried rebooting.,Email
Messages stuck in outbox. Already tried rebooting.,Email
Receiving duplicates. Can't continue my work.,Email
Mailbox is full. Very frustrating issue.,Email
"Email signature missing. Reported before, still not fixed.",Email
Spam filter too strict. Blocking my tasks.,Email
Receiving duplicates. Blocking my tasks.,Email
Mail server timeout. Already tried rebooting.,Email
Mail server timeout.,Email
Email signature missing. Blocking my tasks.,Email
Emails aren't sending.,Email
Can't delete old emails. Blocking my tasks.,Email
Email signature missing. Very frustrating issue.,Email
Can't access webmail. Already tried rebooting.,Email
Can't access webmail.,Email
Not receiving emails.,Email
Messages stuck in outbox. Very frustrating issue.,Email
Can't connect to VPN. Any solution available?,Network
Can't connect to VPN.,Network
Internet is slow.,Network
Can't connect to VPN. Blocking my tasks.,Network
LAN port not active. Very frustrating issue.,Network
DNS not resolving. Already tried rebooting.,Network
Network authentication failed. Already tried rebooting.,Network
Wi-Fi disconnects. This needs urgent attention.,Network
LAN port not active.,Network
Network drive not accessible. Any solution available?,Network
Network drive not accessible. Very frustrating issue.,Network
Wi-Fi disconnects. Any solution available?,Network
Internet is slow. Blocking my tasks.,Network
LAN port not active. Any solution available?,Network
Can't connect to VPN. Already tried rebooting.,Network
Router not responding.,Network
LAN port not active. Already tried rebooting.,Network
Router not responding. Blocking my tasks.,Network
Can't connect to VPN. Happening since this morning.,Network
LAN port not active. Happening since this morning.,Network
Wi-Fi disconnects. Already tried rebooting.,Network
Network authentication failed. Happening since this morning.,Network
"Internet is slow. Reported before, still not fixed.",Network
LAN port not active. Blocking my tasks.,Network
Wi-Fi disconnects.,Network
Internet is slow. Can't continue my work.,Network
Router not responding. Any solution available?,Network
DNS not resolving. Very frustrating issue.,Network
Router not responding. Happening since this morning.,Network
"LAN port not active. Reported before, still not fixed.",Network
Network authentication failed. Blocking my tasks.,Network
Can't connect to VPN. This needs urgent attention.,Network
Ethernet not working. Already tried rebooting.,Network
Network authentication failed.,Network
Internet is slow. Already tried rebooting.,Network
LAN port not active. This needs urgent attention.,Network
"Can't connect to VPN. Reported before, still not fixed.",Network
Network drive not accessible. Blocking my tasks.,Network
Network authentication failed. Any solution available?,Network
Network authentication failed. Please assist.,Network
Ethernet not working. Very frustrating issue.,Network
Network drive not accessible. Can't continue my work.,Network
"Ethernet not working. Reported before, still not fixed.",Network
Wi-Fi disconnects. Blocking my tasks.,Network
DNS not resolving. Happening since this morning.,Network
LAN port not active. Please assist.,Network
No IP address.,Network
DNS not resolving.,Network
No IP address. Any solution available?,Network
Can't connect to VPN. Very frustrating issue.,Network
No IP address. Happening since this morning.,Network
Ethernet not working. Please assist.,Network
Wi-Fi disconnects. Very frustrating issue.,Network
"Wi-Fi disconnects. Reported before, still not fixed.",Network
"Network authentication failed. Reported before, still not fixed.",Network
Router not responding. Can't continue my work.,Network
Network drive not accessible. Happening since this morning.,Network
Internet is slow. Happening since this morning.,Network
Internet is slow. Please assist.,Network
Ethernet not working. Happening since this morning.,Network
Network drive not accessible.,Network
Network authentication failed. This needs urgent attention.,Network
No IP address. This needs urgent attention.,Network
Internet is slow. Any solution available?,Network
"No IP address. Reported before, still not fixed.",Network
Internet is slow. This needs urgent attention.,Network
Router not responding. Very frustrating issue.,Network
Network drive not accessible. This needs urgent attention.,Network
DNS not resolving. Can't continue my work.,Network
LAN port not active. Can't continue my work.,Network
Wi-Fi disconnects. Please assist.,Network
Ethernet not working. Any solution available?,Network
Network authentication failed. Very frustrating issue.,Network
"Network drive not accessible. Reported before, still not fixed.",Network
Network authentication failed. Can't continue my work.,Network
DNS not resolving. Please assist.,Network
No IP address. Can't continue my work.,Network
Router not responding. Already tried rebooting.,Network
Wi-Fi disconnects. Can't continue my work.,Network
Wi-Fi disconnects. Happening since this morning.,Network
Ethernet not working. Blocking my tasks.,Network
DNS not resolving. This needs urgent attention.,Network
No IP address. Please assist.,Network
"Router not responding. Reported before, still not fixed.",Network
Internet is slow. Very frustrating issue.,Network
No IP address. Already tried rebooting.,Network
Ethernet not working. Can't continue my work.,Network
Router not responding. Please assist.,Network
Ethernet not working. This needs urgent attention.,Network
DNS not resolving. Any solution available?,Network
Ethernet not working.,Network
DNS not resolving. Blocking my tasks.,Network
"DNS not resolving. Reported before, still not fixed.",Network
No IP address. Very frustrating issue.,Network
Can't connect to VPN. Please assist.,Network
Can't connect to VPN. Can't continue my work.,Network
Network drive not accessible. Already tried rebooting.,Network
Network drive not accessible. Please assist.,Network
Router not responding. This needs urgent attention.,Network
No IP address. Blocking my tasks.,Network
"Security patch failed. Reported before, still not fixed.",Security
Security patch failed. Happening since this morning.,Security
Antivirus found a virus. Very frustrating issue.,Security
Unknown device connected.,Security
Firewall blocking app. Any solution available?,Security
Ransomware alert. This needs urgent attention.,Security
Bypassed MFA. Any solution available?,Security
Malware infection detected. Please assist.,Security
Unknown device connected. Any solution available?,Security
Security patch failed. Already tried rebooting.,Security
Suspicious login. Please assist.,Security
Suspicious login. Happening since this morning.,Security
"Firewall blocking app. Reported before, still not fixed.",Security
Unknown device connected. Please assist.,Security
Virus alert active. Please assist.,Security
Bypassed MFA. Please assist.,Security
Suspicious login. This needs urgent attention.,Security
Ransomware alert.,Security
Firewall blocking app. Already tried rebooting.,Security
Virus alert active. This needs urgent attention.,Security
Phishing email received. Already tried rebooting.,Security
Virus alert active. Already tried rebooting.,Security
Suspicious login. Any solution available?,Security
Firewall blocking app.,Security
"Ransomware alert. Reported before, still not fixed.",Security
Suspicious login. Very frustrating issue.,Security
Phishing email received. Please assist.,Security
Suspicious login. Can't continue my work.,Security
Unknown device connected. Can't continue my work.,Security
Ransomware alert. Blocking my tasks.,Security
Antivirus found a virus. Already tried rebooting.,Security
Antivirus found a virus. Please assist.,Security
Firewall blocking app. This needs urgent attention.,Security
Firewall blocking app. Happening since this morning.,Security
Security patch failed. Can't continue my work.,Security
Phishing email received. Very frustrating issue.,Security
Unknown device connected. Very frustrating issue.,Security
Antivirus found a virus. This needs urgent attention.,Security
Firewall blocking app. Please assist.,Security
Ransomware alert. Already tried rebooting.,Security
Phishing email received. Any solution available?,Security
Antivirus found a virus.,Security
Ransomware alert. Can't continue my work.,Security
Security patch failed. Very frustrating issue.,Security
Suspicious login. Already tried rebooting.,Security
Suspicious login.,Security
Malware infection detected. Any solution available?,Security
Unknown device connected. Happening since this morning.,Security
Security patch failed. This needs urgent attention.,Security
Bypassed MFA. Happening since this morning.,Security
Virus alert active. Very frustrating issue.,Security
Antivirus found a virus. Can't continue my work.,Security
Antivirus found a virus. Happening since this morning.,Security
Malware infection detected. Very frustrating issue.,Security
Virus alert active. Blocking my tasks.,Security
Bypassed MFA. Already tried rebooting.,Security
Malware infection detected. This needs urgent attention.,Security
"Phishing email received. Reported before, still not fixed.",Security
Ransomware alert. Happening since this morning.,Security
Security patch failed. Blocking my tasks.,Security
Firewall blocking app. Very frustrating issue.,Security
Security patch failed. Any solution available?,Security
Bypassed MFA. Can't continue my work.,Security
Firewall blocking app. Can't continue my work.,Security
Ransomware alert. Very frustrating issue.,Security
Antivirus found a virus. Blocking my tasks.,Security
Bypassed MFA. Blocking my tasks.,Security
Phishing email received.,Security
Virus alert active. Happening since this morning.,Security
Unknown device connected. This needs urgent attention.,Security
Phishing email received. Blocking my tasks.,Security
Antivirus found a virus. Any solution available?,Security
Malware infection detected. Happening since this morning.,Security
Malware infection detected. Blocking my tasks.,Security
"Malware infection detected. Reported before, still not fixed.",Security
Malware infection detected. Already tried rebooting.,Security
Virus alert active. Can't continue my work.,Security
Bypassed MFA.,Security
"Suspicious login. Reported before, still not fixed.",Security
Malware infection detected. Can't continue my work.,Security
"Antivirus found a virus. Reported before, still not fixed.",Security
Security patch failed.,Security
Unknown device connected. Blocking my tasks.,Security
Unknown device connected. Already tried rebooting.,Security
Ransomware alert. Please assist.,Security
Virus alert active.,Security
Phishing email received. Can't continue my work.,Security
Phishing email received. Happening since this morning.,Security
Ransomware alert. Any solution available?,Security
Malware infection detected.,Security
"Unknown device connected. Reported before, still not fixed.",Security
Bypassed MFA. Very frustrating issue.,Security
Bypassed MFA. This needs urgent attention.,Security
Virus alert active. Any solution available?,Security
"Virus alert active. Reported before, still not fixed.",Security
"Bypassed MFA. Reported before, still not fixed.",Security
Security patch failed. Please assist.,Security
Firewall blocking app. Blocking my tasks.,Security
Phishing email received. This needs urgent attention.,Security
Suspicious login. Blocking my tasks.,Security
Mouse freezes. Happening since this morning.,Hardware
Noisy hard disk. Very frustrating issue.,Hardware
Monitor no signal. Any solution available?,Hardware
Sticky keyboard keys. Happening since this morning.,Hardware
Loud fan noise. Blocking my tasks.,Hardware
Monitor no signal. Already tried rebooting.,Hardware
Noisy hard disk. Can't continue my work.,Hardware
Unexpected shutdown. Can't continue my work.,Hardware
Noisy hard disk. Please assist.,Hardware
Battery drains quickly. Can't continue my work.,Hardware
USB port dead. Any solution available?,Hardware
Loud fan noise. Please assist.,Hardware
Projector not working. Happening since this morning.,Hardware
Unexpected shutdown. This needs urgent attention.,Hardware
Sticky keyboard keys. Very frustrating issue.,Hardware
"Battery drains quickly. Reported before, still not fixed.",Hardware
Monitor no signal. Very frustrating issue.,Hardware
Unexpected shutdown.,Hardware
Battery drains quickly.,Hardware
Projector not working. This needs urgent attention.,Hardware
Battery drains quickly. Very frustrating issue.,Hardware
Projector not working. Any solution available?,Hardware
Monitor no signal. Can't continue my work.,Hardware
"Sticky keyboard keys. Reported before, still not fixed.",Hardware
Mouse freezes. Blocking my tasks.,Hardware
"Projector not working. Reported before, still not fixed.",Hardware
Monitor no signal. Blocking my tasks.,Hardware
Battery drains quickly. Blocking my tasks.,Hardware
Unexpected shutdown. Any solution available?,Hardware
Mouse freezes. Can't continue my work.,Hardware
Battery drains quickly. Please assist.,Hardware
Monitor no signal.,Hardware
USB port dead. Please assist.,Hardware
Noisy hard disk. Happening since this morning.,Hardware
Battery drains quickly. Happening since this morning.,Hardware
Battery drains quickly. Any solution available?,Hardware
Loud fan noise. Any solution available?,Hardware
Noisy hard disk. This needs urgent attention.,Hardware
Mouse freezes. Already tried rebooting.,Hardware
Unexpected shutdown. Please assist.,Hardware
Mouse freezes. Please assist.,Hardware
Projector not working.,Hardware
USB port dead. This needs urgent attention.,Hardware
Projector not working. Very frustrating issue.,Hardware
Projector not working. Blocking my tasks.,Hardware
Loud fan noise.,Hardware
Noisy hard disk. Blocking my tasks.,Hardware
Battery drains quickly. This needs urgent attention.,Hardware
USB port dead.,Hardware
Mouse freezes. Any solution available?,Hardware
Mouse freezes.,Hardware
Unexpected shutdown. Very frustrating issue.,Hardware
Laptop won’t start. Any solution available?,Hardware
Projector not working. Already tried rebooting.,Hardware
"Monitor no signal. Reported before, still not fixed.",Hardware
"Unexpected shutdown. Reported before, still not fixed.",Hardware
Noisy hard disk. Already tried rebooting.,Hardware
Sticky keyboard keys. Please assist.,Hardware
Sticky keyboard keys.,Hardware
USB port dead. Blocking my tasks.,Hardware
Projector not working. Please assist.,Hardware
Loud fan noise. Can't continue my work.,Hardware
Laptop won’t start. Already tried rebooting.,Hardware
Monitor no signal. Happening since this morning.,Hardware
Laptop won’t start.,Hardware
Battery drains quickly. Already tried rebooting.,Hardware
Laptop won’t start. This needs urgent attention.,Hardware
Noisy hard disk. Any solution available?,Hardware
"Loud fan noise. Reported before, still not fixed.",Hardware
USB port dead. Very frustrating issue.,Hardware
USB port dead. Already tried rebooting.,Hardware
Sticky keyboard keys. Any solution available?,Hardware
Mouse freezes. Very frustrating issue.,Hardware
Laptop won’t start. Blocking my tasks.,Hardware
Projector not working. Can't continue my work.,Hardware
"Mouse freezes. Reported before, still not fixed.",Hardware
Monitor no signal. Please assist.,Hardware
Loud fan noise. This needs urgent attention.,Hardware
Loud fan noise. Very frustrating issue.,Hardware
Laptop won’t start. Can't continue my work.,Hardware
"Noisy hard disk. Reported before, still not fixed.",Hardware
Unexpected shutdown. Blocking my tasks.,Hardware
Sticky keyboard keys. Can't continue my work.,Hardware
Laptop won’t start. Please assist.,Hardware
USB port dead. Happening since this morning.,Hardware
"Laptop won’t start. Reported before, still not fixed.",Hardware
Loud fan noise. Already tried rebooting.,Hardware
"USB port dead. Reported before, still not fixed.",Hardware
Monitor no signal. This needs urgent attention.,Hardware
Loud fan noise. Happening since this morning.,Hardware
Sticky keyboard keys. This needs urgent attention.,Hardware
Laptop won’t start. Very frustrating issue.,Hardware
Noisy hard disk.,Hardware
Sticky keyboard keys. Already tried rebooting.,Hardware
Unexpected shutdown. Happening since this morning.,Hardware
Mouse freezes. This needs urgent attention.,Hardware
Unexpected shutdown. Already tried rebooting.,Hardware
Sticky keyboard keys. Blocking my tasks.,Hardware
Laptop won’t start. Happening since this morning.,Hardware
USB port dead. Can't continue my work.,Hardware
Paper jam. Already tried rebooting.,Printing
Printer offline.,Printing
Slow printer. Happening since this morning.,Printing
Blank pages. Already tried rebooting.,Printing
Slow printer. Blocking my tasks.,Printing
Shared printer unreachable. Blocking my tasks.,Printing
Blank pages. Please assist.,Printing
Printer offline. Blocking my tasks.,Printing
Paper jam. Blocking my tasks.,Printing
"Driver missing. Reported before, still not fixed.",Printing
"Blank pages. Reported before, still not fixed.",Printing
Blank pages. Very frustrating issue.,Printing
Driver missing. Any solution available?,Printing
"Shared printer unreachable. Reported before, still not fixed.",Printing
Low toner warning. Please assist.,Printing
Color misprint. Already tried rebooting.,Printing
Misaligned print. This needs urgent attention.,Printing
Slow printer. Any solution available?,Printing
Paper jam. Please assist.,Printing
"Paper jam. Reported before, still not fixed.",Printing
Blank pages. Can't continue my work.,Printing
Slow printer. Can't continue my work.,Printing
Print queue stuck. Can't continue my work.,Printing
Color misprint. Very frustrating issue.,Printing
Low toner warning. Blocking my tasks.,Printing
Color misprint. This needs urgent attention.,Printing
Misaligned print. Very frustrating issue.,Printing
Print queue stuck. This needs urgent attention.,Printing
Printer offline. This needs urgent attention.,Printing
Print queue stuck. Blocking my tasks.,Printing
Blank pages. This needs urgent attention.,Printing
Shared printer unreachable. This needs urgent attention.,Printing
Shared printer unreachable. Any solution available?,Printing
Blank pages.,Printing
Paper jam. This needs urgent attention.,Printing
Misaligned print. Any solution available?,Printing
Printer offline. Any solution available?,Printing
Slow printer. Please assist.,Printing
Blank pages. Blocking my tasks.,Printing
"Color misprint. Reported before, still not fixed.",Printing
Printer offline. Can't continue my work.,Printing
Shared printer unreachable. Can't continue my work.,Printing
Print queue stuck.,Printing
Color misprint. Please assist.,Printing
Paper jam. Very frustrating issue.,Printing
Print queue stuck. Happening since this morning.,Printing
Print queue stuck. Any solution available?,Printing
Low toner warning. Already tried rebooting.,Printing
Misaligned print. Please assist.,Printing
"Slow printer. Reported before, still not fixed.",Printing
Misaligned print. Can't continue my work.,Printing
Low toner warning. This needs urgent attention.,Printing
Color misprint. Any solution available?,Printing
"Low toner warning. Reported before, still not fixed.",Printing
Low toner warning. Happening since this morning.,Printing
Slow printer.,Printing
Color misprint. Happening since this morning.,Printing
Printer offline. Please assist.,Printing
Driver missing. Very frustrating issue.,Printing
Low toner warning. Any solution available?,Printing
Shared printer unreachable. Already tried rebooting.,Printing
Low toner warning.,Printing
Driver missing. This needs urgent attention.,Printing
Slow printer. Very frustrating issue.,Printing
Color misprint. Can't continue my work.,Printing
Shared printer unreachable. Please assist.,Printing
Paper jam. Happening since this morning.,Printing
Paper jam.,Printing
Slow printer. This needs urgent attention.,Printing
Driver missing. Blocking my tasks.,Printing
Print queue stuck. Already tried rebooting.,Printing
Driver missing. Please assist.,Printing
Color misprint.,Printing
Low toner warning. Can't continue my work.,Printing
Shared printer unreachable. Happening since this morning.,Printing
Low toner warning. Very frustrating issue.,Printing
Paper jam. Can't continue my work.,Printing
Misaligned print. Happening since this morning.,Printing
Blank pages. Any solution available?,Printing
Paper jam. Any solution available?,Printing
Shared printer unreachable. Very frustrating issue.,Printing
Print queue stuck. Please assist.,Printing
Misaligned print. Blocking my tasks.,Printing
"Misaligned print. Reported before, still not fixed.",Printing
Blank pages. Happening since this morning.,Printing
Printer offline. Happening since this morning.,Printing
"Print queue stuck. Reported before, still not fixed.",Printing
Misaligned print.,Printing
Color misprint. Blocking my tasks.,Printing
Printer offline. Very frustrating issue.,Printing
Driver missing.,Printing
Printer offline. Already tried rebooting.,Printing
Slow printer. Already tried rebooting.,Printing
Misaligned print. Already tried rebooting.,Printing
Driver missing. Happening since this morning.,Printing
Shared printer unreachable.,Printing
Driver missing. Can't continue my work.,Printing
Print queue stuck. Very frustrating issue.,Printing
Driver missing. Already tried rebooting.,Printing
"Printer offline. Reported before, still not fixed.",Printing
Buggy interface. Happening since this morning.,Software
"Shortcut broken. Reported before, still not fixed.",Software
App freezes. Blocking my tasks.,Software
"Feature missing after update. Reported before, still not fixed.",Software
"Slow after upgrade. Reported before, still not fixed.",Software
Settings not saving. Very frustrating issue.,Software
App crashes.,Software
Slow after upgrade. Please assist.,Software
Buggy interface. Can't continue my work.,Software
License expired. Blocking my tasks.,Software
Runtime error 500.,Software
Shortcut broken. Please assist.,Software
Slow after upgrade. This needs urgent attention.,Software
License expired. Already tried rebooting.,Software
Feature missing after update. Very frustrating issue.,Software
"License expired. Reported before, still not fixed.",Software
App freezes. Can't continue my work.,Software
Update won't install. Can't continue my work.,Software
Feature missing after update. Please assist.,Software
Update won't install.,Software
Settings not saving. Can't continue my work.,Software
Update won't install. Already tried rebooting.,Software
Settings not saving.,Software
Update won't install. This needs urgent attention.,Software
Update won't install. Please assist.,Software
App crashes. Blocking my tasks.,Software
Buggy interface. This needs urgent attention.,Software
App freezes. Please assist.,Software
License expired. This needs urgent attention.,Software
Shortcut broken. Blocking my tasks.,Software
Slow after upgrade. Happening since this morning.,Software
Feature missing after update. This needs urgent attention.,Software
Buggy interface. Already tried rebooting.,Software
Update won't install. Very frustrating issue.,Software
Runtime error 500. Already tried rebooting.,Software
Settings not saving. Happening since this morning.,Software
"Update won't install. Reported before, still not fixed.",Software
License expired.,Software
License expired. Any solution available?,Software
Slow after upgrade. Already tried rebooting.,Software
License expired. Please assist.,Software
Settings not saving. This needs urgent attention.,Software
Buggy interface.,Software
Shortcut broken. Can't continue my work.,Software
App crashes. Any solution available?,Software
App crashes. Already tried rebooting.,Software
Runtime error 500. Can't continue my work.,Software
Runtime error 500. Very frustrating issue.,Software
Settings not saving. Please assist.,Software
Runtime error 500. Please assist.,Software
App crashes. This needs urgent attention.,Software
App freezes. Happening since this morning.,Software
Slow after upgrade. Can't continue my work.,Software
License expired. Can't continue my work.,Software
App crashes. Happening since this morning.,Software
"Settings not saving. Reported before, still not fixed.",Software
App freezes. Very frustrating issue.,Software
Settings not saving. Any solution available?,Software
Settings not saving. Already tried rebooting.,Software
Buggy interface. Please assist.,Software
Buggy interface. Any solution available?,Software
Settings not saving. Blocking my tasks.,Software
Runtime error 500. Blocking my tasks.,Software
Shortcut broken. This needs urgent attention.,Software
App crashes. Can't continue my work.,Software
Feature missing after update. Blocking my tasks.,Software
Slow after upgrade. Blocking my tasks.,Software
Feature missing after update.,Software
Slow after upgrade. Any solution available?,Software
Runtime error 500. Any solution available?,Software
Buggy interface. Very frustrating issue.,Software
Shortcut broken. Already tried rebooting.,Software
App freezes. This needs urgent attention.,Software
Update won't install. Any solution available?,Software
Update won't install. Happening since this morning.,Software
Feature missing after update. Any solution available?,Software
Feature missing after update. Can't continue my work.,Software
Slow after upgrade.,Software
Shortcut broken. Any solution available?,Software
Shortcut broken. Very frustrating issue.,Software
Buggy interface. Blocking my tasks.,Software
Update won't install. Blocking my tasks.,Software
App crashes. Very frustrating issue.,Software
Runtime error 500. Happening since this morning.,Software
App freezes.,Software
App freezes. Any solution available?,Software
License expired. Happening since this morning.,Software
"App crashes. Reported before, still not fixed.",Software
"App freezes. Reported before, still not fixed.",Software
App crashes. Please assist.,Software
"Buggy interface. Reported before, still not fixed.",Software
Runtime error 500. This needs urgent attention.,Software
Slow after upgrade. Very frustrating issue.,Software
Feature missing after update. Happening since this morning.,Software
"Runtime error 500. Reported before, still not fixed.",Software
Shortcut broken.,Software
Feature missing after update. Already tried rebooting.,Software
App freezes. Already tried rebooting.,Software
License expired. Very frustrating issue.,Software
Shortcut broken. Happening since this morning.,Software
